E3FXPMMF836S4Q,""
E1FK0B5OU09MSW,""
E145BMU80HXS7I,""
E3MUYQNISPXO2W,""
E10N4UXYZ56ZXB,""
E7TIMKFM48Q19,""
E2M4IVTH0ORXCV,""
EWBCHB0XIOLVE,""
E2RYMZOU928JCV,""
E1NBSMM3XT0IU,""
E280UZFYXWGBNN,""
E32YF7M0MYDP0A,""
E8LMEZ3RE5V58,""
E1HEDP26FL9YCJ,""
E3OOJ9YCWWG1SC,""
EP12CYVTTP38K,""
E2PZ9LX2X72VSB,""
EVH1O7U9ZQ5Z6,""
ET88S6QNEQVMO,""
EPJ6MAED54EQV,""
E2TJ3QE7LCGF7P,""
E2YCKCCV7SJLCJ,""
E299E2HLJNNU1M,""
E15DY0CL6JH436,""
E3IK4NB3STWT3U,""
E26JOJNG8HQYWB,""
E1SE77V9MTUHCS,""
E2CZXSNGEYSTK6,""
E3IE1HT0P9IGBG,""
E3FK6GGECY26SY,""
E11VLY66VSVEQQ,""
E1MHMB7ZIVXS3,""
E6OT5F2LAK5PH,""
E1ABNK00E2J9B8,""
E19KMYW8STTYXZ,""
EDR18BL7HDLTO,""
E1UUPPHIFUOUD7,""
E2JCU47QME5EED,""
E1TF04QYPV7RF8,""
E1RSDN7B043T9L,""
EDV4GKC3LH2QJ,""
EOMGXANQC4QNG,""
E30OGSAZTFSQ7E,""
E19J7JE9JH318Y,""
EKX6T0VV4AANY,""
E209MK6D7X485U,""
E3DA8FZEE3JUX8,""
EGRZQROV01UNG,""
E3S20INNR8KNXZ,""
EG6B9RMOS7SIB,""
E2S842R1FW0OC1,""
E25K9DTNM3NZHJ,""
E3RG0EWCGJSPW2,""
E3OQ3HQZ6434AS,""
ESAAZI4DP23PF,""
E2W5D0U38WEZP2,""
E360O4HGH9L6NW,""
E2RBVJA0J5WNPU,""
ETLKT3UM6BY88,""
E1HATW1RHVW2A7,""
E2PQ6P07IG4DWV,""
EGFAFW4J4LJ25,""
E77L3YZSOUVC5,""
E129CVO4CBFH26,""
EI2HLVWQUVRA5,""
E153LASB9OT9AX,""
E21C7N6JMGVI43,""
E1P7I5X4I1EUSB,""
EACC11C59VHO4,""
E4OG434T869NE,""
E3E3TD690KQWZM,""
E3Q8JU5L59JGAA,""
E3A9CWY7O2358N,""
E8FBG08V36K2D,""
EB092PNBYR0B6,""
E1KX1DV2GS9SA2,""
E1WTIYSVFX90FQ,""
E334ZDV7YAWXYQ,""
E1ZE9VVD52V532,""
E29YCB6N3EOFUZ,""
E1ZB9VJO7FZBH4,""
E3XH80DFV4LTW,""
E1VO2108MAMLJ2,""
E2THWXB0JW00KG,""
EECJLJXX7AVL7,""
E3UOJAULKJ71GW,""
E24VY4NHFVCS5C,""
E266QMCQWZ3KRY,""
E2AZF86LVYTME6,""
E32KGJ1FRFLHRH,""
E173CY6ULVDF6S,""
EFKOTNRRAJ4O8,""
E3VSMWKA74AM63,""
E3I5BRGQNA554X,""
E1O2KZ2EY33TCW,""
E1KR3EJ6TU80FB,""
E2A2DSK9F2W76I,""
E3QPCWL50EVUUZ,""
E2EE11IDPLE6EK,""
E30LJLANZJ5EUK,""
E254ZXDJK2V5BC,""
E2H5LN2YDRBJZZ,""
ER1ASILKBPI1P,""
EP805DURTKHQK,""
ELZOZ0Z17R3R8,""
E3B1Z0GK1LU352,""
EVE0U012BFZKG,""
E29HBVM0ZL5S27,""
EZQVCXRI7HH14,""
E2JQHGM3YL80KG,""
EY9S9MTEHZD31,""
E2PQRVICFACDOZ,""
E2EZO2BP1OG7KF,""
E1KEA3WI6P9OEY,""
E1W1G7F6JJJJLM,""
E13FZXYGKLPQSF,""
E19QEF4ZDTH8NK,""
E4JEBVUN2X558,""
E2AUFXZ39WLCOB,""
E1X07RVWN21DM8,""
E2VW5ZDGZWZQQN,""
E2JB0ELZA99EQ0,""
EUVPQL6RX8DNJ,""
E1IPD4CSN28U9X,""
E3P7Z94R2S32T,""
E3A4HG2W5VVTGB,""
E35E5G1FAMBNHC,""
E2TJO4C5C3BG9U,""
E2TIH9NYYHML5T,""
E7NUDAXK6BW1Y,""
E3PXQH1P1YAE7E,""
E12WW5G7UF0XU4,""
E1G82ILCSMG8XL,""
E168NWYWD5Y52F,""
E1E7XTO6C1Z6OJ,""
E1X2A8V3GQNIO8,""
E2CJSMJSQV88A0,""
E3O5QMEITHHYOC,""
E2K4N0QP15BSH2,""
E1258TQ5IJQGRZ,""
E2JXNUMOHQ5WOA,""
E2NT8AU8IDVYBH,""
E3UALJJBMDOUKC,""
E2G7HLSVJE8NDU,""
EYMGJ32L828D8,""
E3DZSTTPR72I1W,""
EEL5BJJQW2CRW,""
E3S2FESJIA3K7R,""
E39IDEG5NLU96S,""
E105B0EXGFQSSE,""
ETC7Q31L3B4MN,""
EKISJY8VUXWYP,""
E1QQX6O6WQTG09,""
E3JH5FBQY7NPKE,""
ERS67NF6SHC74,""
E1IV1V1HPXRWDN,""
E2CTIY4ABAV9CT,""
E316RGI8ZO4WFU,""
E34T2QV6VBA6MP,""
E23O1PIKPQ60B5,""
E3H8OKFI05I7CT,""
E1XZ5JW2UX2JFD,""
E3K8VLCBOCI294,""
EGKGZWI22U87J,""
EFOH4VCYUT23X,""
E33W24PUROI9VP,""
EHUL3N1EMUVYB,""
E15RFTZP60FDGE,""
E1TMGE87DTH1ZZ,""
E2YNGA68SVAR27,""
E3PK65S0UDT50D,""
E37OE5M5NIWE7J,""
E2FLIWR1Z4GT1O,""
E1XN4SW86JR6RB,""
E2DWQUMA71L4E2,""
E3TLSPUB2D1BSR,""
EFA4XPSEVACQA,""
E10A5UX8M13MBS,""
E162PI3QWUAVKW,""
E2794EETM452X3,""
E2LSANF8H71PSS,""
E3EL8EDXYEE4FX,""
E32WE10FGUZRT8,""
EM72CN7J8TBE8,""
E3EDEGSMQRKSZT,""
E1AIVJDX0LUWCW,""
E2DW5CIW13Q5NS,""
E3PVYKZY2UR8B3,""
E15YOO5LD6M9Z8,""
EY54HKLC264OW,""
E294O5GP45IIX4,""
E1M8MPJQ97LMKK,""
E1X1ET23BITMZQ,""
E2WD82V03EHF3Q,""
E30SV3FS9F5SJP,""
E148M7SCA895C5,""
E3B6FI42XJ302,""
E27V9N4VC8GS1,""
E3OKMFEFC944IU,""
EPKJGLI4Q18YO,""
E3HX31I4CIV7NH,""
ER2NBIGI5ZFL5,""
E3FEIOBBA07PNU,""
E1W5FK7M8H7RN4,""
E20RDYNL7KI6D6,""
E4HVKQK22YFCE,""
EJTXD4ZA97OZF,""
E39NWDE9AINV1,""
E3OPK2C0QAW3IV,""
E2C2GZAN3YH7K1,""
E3DILKTAWNMFOC,""
E32PGOEH93GRAR,""
E1FDZRBKIM0KHF,""
E2O99LA6SR7547,""
EZ2QVL8FMS4TJ,""
E1PAM9ZQYJV2DS,""
E38XM42MVKYXIL,""
EKV40B9A6DQCK,""
E1BQKD23A9OE88,""
EVM7WSO8H2AG7,""
E3AHGW5DK75VUQ,""
E1IXEEVTIRXPHX,""
E2S7LV8CEY6ZT0,""
EB63JTQ0HS0FO,""
E54L0VS5WZH7N,""
E21D3POWWW10D2,""
E3CYTNR7FCGO28,""
E1L10SJ4N7TG1V,""
E2WWA888FTAVPL,""
E1APQZU0AAXU2C,""
E2FCXUSEN4STVO,""
E1LC66FDJS7M8E,""
E1BT7TDRDQEB2S,""
EZK4L6AGMRTA5,""
E1671NG8065G05,""
E9U03OBBF2I1Y,""
E3AOM10P36HG74,""
EQIT2QY94MRU1,""
EYR26PX8DRCT6,""
E1L3KD6D3SBVER,""
EZNUE4QAAWI63,""
ESZAR7UHUCGHR,""
E3QTDU4S9PX4QM,""
E3I3FRZ6I3PLSV,""
E23GOC7I84YZU9,""
E3BBOWLQNCNPFY,""
E2T2UI0OG7DAE4,""
E3THDYP2BDDA5W,""
E34YAPFB6NP33X,""
E1JXR0VUZBJKJ8,""
ENWKTCXDIV6HR,""
E33NWE6GGSIQJ2,""
E15CCYO4DSRAK2,""
E1OCQJ06JTKBWN,""
E23RSD3FIM3SQZ,""
EV7YQG45CDVWO,""
E2TEARDXCEQZUU,""
EOI222VQJTN0V,""
EYD1SN0UQA21Y,""
E1EIITQDMAAPU0,""
E1AMI6D5VYJI0E,""
EEU84VZBZNGF0,""
E2CGY6NKNTP41J,""
E30DFL5UOWW5NN,""
E34MOYG576OPJ0,""
ED29T5CY9BWLY,""
E34RCEISTSB52D,""
EQZ9046CXDQBL,""
E4A8BO4WMVC12,""
E26ZDDQLT49UYR,""
EQTSKQNGD6E7C,""
E1QSRV8QE76YCJ,""
E1BGIJ0EATDC9L,""
E2CVZUO1SBRTMP,""
E2GVK1HRAGUWG,""
E18CO1S31CV3SJ,""
E1KQ627NG58R5S,""
E2BBQCNFIJNKZS,""
E2JBBP684LFNPG,""
E20FZOHXN1FTLE,""
EY29Z7BCQQRU7,""
ETB66PO2UR01J,""
E2ITYJ5WTLGN19,""
E1ZRUW43TI1M6D,""
E1KU4LMGUWWO34,""
E16EHH07MG7U1I,""
E2NCBEDVFJ04YF,""
E37PQO1ZFA388N,""
E2AEL7FJVW8SO5,""
E3M3Z7H4G1ALYF,""
E3IRRAUC84FL4Q,""
E125FRG85AG581,""
E2YVQ71ZVMDGA4,""
EGKAOVRHXHR5O,""
ELLESPCX9TQE1,""
E3MQED1M7RNCAB,""
EEM38MFDHUE1A,""
E2RG47V3AIOGWH,""
E13EFYIIIU0PHY,""
E2APQV8ZQOPJ0F,""
E120UDTD8YMRDO,""
E3C2YRIUUTZQD4,""
E3ATK4H18Y6XER,""
E1MHT4YEE7QFZG,""
E3RPAQLTMU6WEW,""
E185B8SPNHEIYL,""
E29PT64DLGXOBH,""
E3NJ0O9KSYWB7,""
EYGC2F689IMII,""
ETOGQA9Q2P5ER,""
E3VHOALC8CQ6TC,""
ED4L4W7TI1A4D,""
E2720QHL1KI220,""
E4BJY36ZOIA5U,""
E3LQ58GL3Z8Z7V,""
E1B5D9OM23H7MM,""
E2P76NQFAUX2ID,""
E2SPISPULP6GXP,""
E18SMUVK4XN20C,""
E37NUW07G21LYP,""
EZSF847RBEH5V,""
E2GJ9B7C8JADMM,""
E3B7O88K6JETHW,""
E3CIPG76OH4KOW,""
E2OJ20Y5PJ44L2,""
E2QXKU7Q71A70U,""
E3TW5HRNA74M0Q,""
EWBZS1P55CZFM,""
E2V44K3NLIR7R7,""
E1BREXLUH02D1M,""
E3B1D779APH81H,""
E2REDQD45XFO2U,""
EZUVIJ0UM77B6,""
E3LP2URXVCT8K5,""
ETV6MYH0DP1HV,""
E2N4BRNT20OBKX,""
E17LC9GR13ORF4,""
E3OT5TXJLZBIC3,""
E2ZD4ZV9OP1KPA,""
E3S62DCFSRFAXG,""
EEKO30ZVCQ040,""
E1QW7SW9T7LD0T,""
E3O29JMHESQFHM,""
ECERRYWAFMLJ0,""
E311D4DB9KWP77,""
E2X94N57QGVIXB,""
