E3FXPMMF836S4Q,1
E1FK0B5OU09MSW,1
E145BMU80HXS7I,1
E1O2KZ2EY33TCW,2
E1KR3EJ6TU80FB,2
E2EE11IDPLE6EK,2
E29HBVM0ZL5S27,2
EZQVCXRI7HH14,2
EY9S9MTEHZD31,2
E13FZXYGKLPQSF,2
E4JEBVUN2X558,2
E2AUFXZ39WLCOB,2
E1X07RVWN21DM8,2
E2VW5ZDGZWZQQN,2
E1258TQ5IJQGRZ,3
E2F6EV1CEJOOY7,4
ELLESPCX9TQE1,3
E3KY6IKRS6HSTM,4
E1DU35FN4ERASC,4
E12DVEW5Y0ZXER,4
E18FCW9DSJ7JLI,4
E1KP9EEK9DNQO1,4
E31TU87E919GMZ,4
E1LZ2ZWEGKAHMV,4
E3R3CDHJL6RS5,4
E27AY629EQI9GO,4
E2ALHQRSLVC08E,4
E4036B17W4U9,4
E10U8LYO96NAQB,4
E290TWLQZEJWP5,4
ERHLARZPEEDN3,4
E186GXM4OTBMBZ,4
E12VC8GK06SCHJ,4
E3DXF8MBAX91OI,4
E3R0H07K523UW3,4
E2MS4S9OSGFOYN,4
E1J54THZ5UFFCG,4
EOI1F71PWQAQ2,4
ETSH8FXEQJOFL,4
E96OXSF0R6AE,4
E34STT7YJP05NJ,4
EZOZZOEIA5LDY,4
E7GSCPS4TL44R,4
EFZM5GZR9PMZQ,4
E1S8XIR59UV4K2,4
E1XVCR3HTI0C5F,4
EC63WIISBZXPF,4
E1R77GCTDKVHGH,4
E6ILQ97LYWMPM,4
E1BQH1QEQBZ4U8,4
E5H2RIKZIMR26,4
E2SBSKNRYBD413,4
E2BL4FSTZNYHY3,4
E2RIA3BE5KLK5C,4
EZYMDQX2A9NZH,4
EWRD7M33ZYUPP,4
E2XTC3FVTR7H0B,4
E15LY1GJE5ASOK,4
E33I16LZE22WSH,4
E133TP3J6V6I7Q,4
E384LH22RF0AJ9,4
E3AF1DVOJLONKX,4
E13KGFE9U92NQY,4
E2MQF4VVLQPO6U,4
E22U652411BJSN,4
E3R3CGSPM527NJ,4
E410F2UV8HC0W,4
E36IX0EIQXA57T,4
E1MGPC684ZK91L,4
E1DQUW5X4X1S3E,4
E1J3LGLPILOBCC,4
E3OAJDE2Z700S4,4
E1M48ES2MBVFED,4
E1RRXNFVHA1NPF,4
E2N7JD0Y7O1OE1,4
E6Q2BFMCJVR12,4
E2EWHHKSG3E6TT,4
E22QHZ79GQMDZC,4
E14ICVT74KB8QT,4
E8JO4YPCSXUK8,4
E37ARTTKK9B6XL,4
E16JXEDH955NT5,4
E1NES8D9BHXPOJ,4
E1UPF4QUYALYWB,4
E11M1I3RJ6GEY2,4
E3JGLK5SHO67DB,4
E28TG9VFFIUEB1,4
E122XMFDX1RB6R,4
E2YU8GUPMHFXR,4
E1MJPPB2URD407,4
E4JI9JT8YI4IV,4
E3SYO940DLFD6R,4
E3LWZTIASLU77N,4
E1AJR9IMP7L0FE,4
E3DR1SBR3UHIGD,4
EVKUNS6U41Z0E,4
EHOERBP48E97V,4
E3467DZ5NU98FC,4
E1DE5BR1K03QR3,4
E3SR5Y5XZUTSF4,4
E355O3QBTRPYXO,4
E34FJHBXXS8QU1,4
E2CM5GGLRW6TNA,4
E1FT82IF8IXL76,4
E1D4EQ3NRKU5G6,4
E200M01BVN54BR,4
E23YGV37NGA22M,4
ENDAKDKFKC65Y,4
E34ZWC8DMYHAKW,4
E13LO3X8GJ63S4,4
E1KMO91TK5WB7Y,4
EWEHC96I4LIJX,4
E25IFN8A6SNSJF,4
E1AFHUSKWCXUSD,4
E2D1CFKBMKUC7H,4
E1EXOQBJLSGNVC,4
E2AJT9SHHG2XZI,4
EBMG8TUACIZUG,4
E36YE9SSXBLD5L,4
EH9HV8U018H7Z,4
E2RM8101OCLX8R,4
E33RH014YT5TBG,4
E218S8IK0Z1HCX,4
E3TWRTK7V93UAF,4
EDX8G6REJLPNN,4
E3KKZGOCO879CZ,4
E338QK4D1BLMKA,4
E264N7N5FBWF9P,4
ESL8L7ILUYWI1,4
EOS7FM4F1V8LI,4
E22DJYQTOJ61TX,3
EBAH8JZF0PQRT,4
E2IOP7P73HIN58,4
E3BV0UQ9E522GU,4
E3KM3VCO3JW9L3,4
E8Z6BSJKSA0OZ,4
E1BRWWDBQXCR9G,5
E3BYIR750JR4XY,4
E1T6JBA8Z6CUU,4
E2Y02F2A4HZWPW,4
E3RXNSWYCNMPKH,4
E1970HPZAY5C3O,4
E1KKZPGAKZ6GCA,4
E1ODTDNCCXH279,4
ETS1TN0DGI9GA,4
E3UTB50W2A9OF9,4
E3AQ3FQ0V4PX21,4
E3DJ82MP85XRW0,6
E2IND3BF27MLZL,6
E1SZO6PZ07NL76,6
E3QFW3VZPB7EG1,6
E218F7L9GZGETD,6
E1H6UPTEUGBMVC,6
ELUZTGNU06AZ8,6
E1K9UY3SGLM7UB,6
E2MRFPWHPGV4X9,6
E3TNPM55AD18XB,6
E8GJCQE38JGQ5,6
E1CE4RH8QCKY3P,6
E2DU3X3XYZK4QQ,6
ESAUD1MUIFJTR,6
E15CTZ92WGNGVZ,6
E3PWK8O0TDHU89,6
EVXBLH3ATPK0T,6
ESW2LRG13PIXA,6
E2WXG1KIVKX963,6
EHTDG0JWO81RY,6
E1TRDZI1WH003,6
E33EL7WYOBUWKS,6
E32IRAVPBUGAA0,6
EOFYXIBLZVBDH,6
E3B3DYYLNLLH7,6
E3F7ENHJZYU1WP,6
E15SV2R5R311ZD,6
EW9STNWFC1867,6
E1USHVJP1Q97OY,6
E1U12VV04UO6HP,6
E2BOC0PX9OGF1N,6
ELCSETD2I3VEJ,6
E9RPRE4A330ZB,6
EG0R5GG9O6X7Q,6
E11LJH5ZTIWRYV,6
E36AVKHIZ7OQAD,6
EHOKQN8HQHPNU,6
E3N6IXWM830E5C,6
E1J0GGI4ZCAJJN,6
E3TMW64VE2OURS,6
E146EFIAM1AKMF,6
EEBZFIJNIDZ16,6
E299BGNSR1Z6WR,6
E2E2MPFEI4VWVF,6
E161Q07Z0O1QN4,6
E27GBOF4AG3TPP,6
E3FWFME8HQVLNN,6
E1M71KNYQ5WT46,6
E2KR4PAPX7A5UG,6
EGEDT5G4BFA11,6
E1FI4HK539IW1P,6
E27C9DNCWATU2N,6
E1VRY9E4OCVWR1,6
E2JOYRI2DFD90V,6
E3VVY57MSEU83K,6
E36B0N1ZORP23H,6
E2HWS0I0HB94OF,6
E1JYMSKZNBN36J,6
E1L2RDLVZYSX6K,6
E214YFSO3UJTP6,6
E247LA4JB8C29M,6
EW7MW55W56601,6
E36NYK4LTOOBTF,6
E2MA31CIBDKZIH,6
E1EVTWGNPG6AXQ,6
E14XX7C6NRK05K,6
E2I3FVDT1LWAMU,6
EWB8M2ZOHM0K6,6
EUF13DHRYZ1YP,6
EZ1UPX5PSEJTD,6
E3UHZJH0T6QHRY,6
ENTA4Y4MJPHKD,6
E8KPL6YRBH3C9,6
E23N5PCGISS8I7,6
E2UIIXO1TOWOSH,6
E123CGABAQNPFD,6
E20M30I8KI17ED,6
EA22Y7D37ZMDV,6
E2HPW3XDXMZRJZ,6
E3CHER8JTZ1I1S,6
EOTD2EH43XOW,6
E28V76U0Z0C8SO,6
E15NJ29B0MCDNO,6
E3F9ZOK6B05PTV,6
E24B86L576NSOH,6
E2QDF3V63WUK2Z,6
E2BUY3QMB35V3I,6
E143KR05DSZAO9,6
E1THTQE69MCI5T,6
E76O3CJW3EEMX,6
EFVOGNZN3ELT2,6
E2B6E28W6Q6ZD3,6
E3HT03H7OOXPGF,6
E2XL2X5ARLMDWD,6
ELEUV3TFMZGAM,6
EUKAAFK99RJM6,6
E1ZTL7G777O2FT,6
E2EDWEZB1A6HKZ,6
E1PF50240DZ41C,7
E3MJDEHIW6HEYK,7
EERNHIL6KGDW0,7
E3R7LA5EXX8UNL,7
E3EGFC2R7MDATA,7
E1JMAR0B9RF0FL,7
E1QEGN2NQO9BF7,7
E1BECAQM6BPBD8,7
E1MIPJTGKF1C4X,7
EXOEFJ7ORTNIV,7
E3W4M6LGK5422F,7
E3PAJKMRHX4KB2,7
E26K190400KBGM,7
E23GR8XWC4ZUU0,7
E1WBA5BU10VPQN,7
E1M3ZUGKWKL74J,7
E9YGWHE71XIJP,7
E11KFQV1AYAYDM,7
E3IMN7LRRMT0L,7
E2GXFFDWKPFXSK,7
EBXGUXFGWETVS,7
E6EAO6GTKB5TD,7
E2H2VI3Z0B0CTI,7
E1E16ZSBZN784I,7
ER1NDNLHGSBYF,7
E1RRV2QULPI9JB,7
E3CV8DNUOGYCAA,7
E23UQXIQMUUMYR,7
EUEKRLO9U9NYV,7
E3KSZXCALF9FVZ,7
E1YPZ6QYLZ1HN0,7
E1TEU7RBSPEJER,7
EQJNXVX8RHHYU,7
EAPSZISF1VT5J,7
E1GQ96X554FYDB,7
E38FCS64WKWMTZ,7
E2DMSIHAPUHFK3,7
E2E9F97H4RQDTW,7
E12I1TMS6G8IUW,7
E3851Y4560TMC4,7
EP8Y9EGT5O7MX,7
E3HDENQM4C8JNF,7
E32KDUBLSXVMYA,7
E17OPTR78DWGHT,7
E2CXHB5JBM2EAY,7
ET82AY2KHDU1Y,7
E2DZI5Z8Q3NZ8I,7
E1Q1XVEU0Q3P9L,7
E6IBU0XW4A5NX,7
EIKFTCJG5G2RT,7
E20BS4PWJKNYL1,7
E2ZCQDYBNZ7NZO,7
E1L6LW6Z1PWCL1,7
E4R19CU4RBAQS,7
EWXKG22SGQC8M,7
EEWWK2I7VPA05,7
E1SK3MBAR2GQFM,7
E3VEOT4KA3EHG4,8
E7OL4DR2JPEL5,8
E3N2DRDIVT5Y1D,8
E3AUFTFESQZTBH,7
EAGV9859OXV3T,7
EYZ07P56635F7,7
E3R0U7ZTEKZ7L2,7
E1Y3POG3EAZB2F,7
E14H332AAMG3QF,7
E2D57FTTJJPWCM,7
E1DTN8V494S77C,7
E1LJBA6BKBQ2M3,7
E28AL66L1V3JIA,7
EM3QHROYBL4K9,7
E1ATCNSMS9LM8,7
E24AGMB5OV1NIJ,7
E1CJJD4YW9UE5M,7
E1TEB307WLXN5M,7
E1KC6YX7IO1W2A,7
E333AUD2Y3XDBK,7
E1COJJOUZYYCHZ,7
ENSMRV3U529RH,7
E14SSG4DOKYRPO,7
E2L0KNCL5WLAT1,7
EN3I6EK27ZGBE,7
E3UDA806Q5LG4X,7
E25410VTFF4J10,7
ENCORNARW24TB,7
E37UNNHW2NWNQ7,7
EN6W41H8N1YG1,7
E2V3WNMS6IYSKK,7
EK2P8EN54QB3S,7
E2WUVB7DML2250,7
E3NRXYNWMJD6QH,7
E1T9JA4Q5LLKY3,7
E3B03C5CYDMPUR,7
E3LN5I0IOR4KNU,7
E1SRZK348AQGD4,7
EW0FKZ360O1RW,7
E128LNNHGCP03I,7
E3LHMP2NX6XCSA,7
E2HROBH9MK88LK,7
EHZHBRTRC1QT,8
E2A1EMS2YYOAVS,8
E2JOAUR7SPDCWM,8
E1L17OJYLFDLPK,7
E19K3N5YDTJPZN,7
E1TMXXT5BPET10,7
E1Q8UCZET2KJGF,7
E22REWBVE7SHKY,7
EF9NSIHH23QBB,7
E38HEC3ACEYX0Q,7
EAUMK6CUECE5G,7
E2ZQ8TQSRPH2MZ,7
E2D8AO6EDVCBNW,7
E3JLW8WM28XH5A,7
E2OBZDXXK2Q9XE,7
E3GCSS4UBL4VLU,7
EKU10BIPG94KV,7
E3SRYNTWAN58M6,7
E17LQ7370WUESG,7
E14411O26D9TKL,7
E1KLDMOHDFZVY6,7
EOM0QJU9TPDM0,7
E3RJSKS0GC7SLK,7
E2XHVCGEX5TG3X,7
E2TWUACW7X1PD3,7
E3GQBUDQVFFI0V,7
E3FIBE9FL4Y1XS,7
E19N52Q8NA646O,7
E1DJGADL1G054B,7
E3CPYHEW3L5GZH,7
E1CATATGJBJI7T,7
E1ZOZ2WMFKCX8F,7
E2ZPFG88KULTV8,7
E1O5DGU5T052UW,7
E2B453N95WRV8I,7
E1OL4NBIXBOKUM,7
E39XJU1JMKS1H5,7
E3NM0W5GIHGPU4,8
E6RBJ3O7IZ1EQ,8
E1ZU9C5S97SYIP,8
E3F63J7FWR04AS,8
E3UK5XJS51GBMY,8
E11KBZPFPVD0KK,7
E2SLBGMLUN0Y88,7
E3AKLTS2TUA8VV,7
E1ARTL85KXKX2X,7
E2M1A2W902A0AB,7
E1S8MH5G39XU48,7
E3U9441AUJ35DQ,7
E125EMCEZE7U7J,7
E24D9SIYWM5SVO,7
E2C26LW8NGPVIN,7
E1MIYDQPIZFRMH,7
E1FAAU6SH9QPHT,7
EIDZ3AWR2B3FW,7
EFCG73N4LW6QX,7
E3C2NL6XCBZKG9,7
E385DP2CKZBFF3,7
E3LYK06AAYE0D3,7
E23RVVLTM5CCMY,7
EDP5M47YYWRO,7
E2MM7A35LSQCI0,7
E2UF16F68PT8EI,7
E2M21HLIW7CGMN,7
E3499M20R75POZ,7
E1WRIOSM7AL39R,7
E1U0L5NJPQ5C8B,7
E31U19RCU2J2QL,7
E24HG2WKCYDGOJ,7
E3MFM01K3M4LQQ,7
E1AGBDO3XQWTO9,7
E18JUMG92XFZTA,7
E2H0BTPF7K0PGS,7
E26TGLXIADFZMU,7
EZNY8XEO3TGWI,7
E3JFWY73XESR2I,7
ELPMPY2L1N7HY,7
E35874HFBRD849,7
E3MW44E0L6TBV8,7
E30ADPJEM05X0O,7
E2CEYKBU54X5PI,7
E1BR471IS7NRNX,7
E11VHL2P7UIQD1,7
E1Q2ANO669G69D,7
E1RYGE4S5TDY8O,7
E2F7JSHTHLT830,7
E3V1P8OMEGYU2H,7
E16Y98TJRA1BYB,7
E28IIUWE2BIPHK,7
E3MNRO7HZV7FLA,7
E1ZB0U1DPMLOGG,7
E2FTCOUBROYA52,7
E1DDGXWDHT6V2K,7
E3D9RVDAIVDXA5,7
E1YU26ODTF1MMU,7
E35PXVIWKXDS1X,7
E9BB8B0KOQ1HS,7
EOMH8NLHYWSC6,9
EAYOHFGULVF06,9
E1PWAYQZ5EZVQ0,9
EAR3H3AZ3VC0K,9
ES6FKVFIVU7HY,9
E2K4295RCOSEF2,9
E2HTSWGYIFVU3B,9
E3B3W7ARWCOP4O,9
E38RCHLT5GDZS7,9
E38L94P3Y4DVU8,9
E21BTBU6IJDC0R,9
E3CF1FS65NNL6I,9
ENXOW2EQO81AM,9
EHIFYJH7AFMUY,9
EIHA4LCB7YULK,9
EUZ5BH8D9GD8V,9
E1ESP06U233ZNQ,9
E2XUTZYE0JTJ61,9
E38O8LEY913GCI,9
E36FI5VDWCCJBO,9
E3VS3PCRLAG8U3,9
E3JRJ04657GTGD,9
E1PV0UI5L89QCE,9
E1L9V45XHSJ7C1,9
E3U2EKRKO51PQ8,9
E3U86K10Q1IJVL,9
E23YM15WP8CETY,9
E1XG9FCROFGTIJ,9
E1WMVC49YJ158R,9
E2S9H4OIFSV0LH,9
E4M76DBEOU1NT,9
E3BBR8H6MKON5S,9
E1DRCM31HEXHRO,9
EBB7MGIU22PSI,9
E3NLFVIQAFRRNI,9
E3I6PAN5XFCJHR,9
E1EL13E7769092,9
EP3Z4TZP7I74Z,9
E4X4CIQB013TC,9
E14VNQRGMBL1SU,9
E37QCA59DVJ72J,9
ET6BSD0FNT70A,9
E1IWK81LT10HMA,9
EK20VLEH57K6H,9
E17DWFZP4I3CO6,9
E29NLJ8Q9U79BF,9
ENVZ6YFQGJW05,9
EPRENCTK68OBT,9
E3CUVH9OSW64N,9
E1U18PRLE0SLVA,9
E1VFJR3KKADGG3,9
E3OUXMB04STRBQ,9
E3PRI9HE38EWJL,9
E3I7NFWR25RHLJ,9
E1M58W2O4BOJWF,9
E3BEGOIUP4D770,9
E31YI7EXF1OJC7,9
E230ZBY8MJ4XNI,9
E3PMY7E0CIMBGK,9
E1H3XZKRTVUECE,9
E2G04P66B17WYL,9
E3KOBXVEGUYE2X,9
EMYQUI2AOISYS,9
E2IQSXMUQBF1LO,9
E2D66PH1UO8IIN,9
E1BMGDJ8HKTEQ0,9
E2YCH389GPGBV2,9
EF0VNBRS8RN03,9
